"timestamp","n"
"2020-01-10",72
"2020-01-11",959
"2020-01-12",137
"2020-01-13",325
"2020-01-14",128
"2020-01-15",88
"2020-01-16",37
"2020-01-17",28
"2020-01-18",18
"2020-01-19",30
"2020-01-20",15
"2020-01-21",14
"2020-01-22",13
"2020-01-23",12
"2020-01-24",1
"2020-01-26",1
"2020-01-27",1
"2020-01-28",2
"2020-01-29",4
"2020-01-30",3
"2020-01-31",1
"2020-02-01",1
"2020-02-02",1
"2020-02-03",2
"2020-02-04",3
"2020-02-05",1
"2020-02-06",2
"2020-02-08",1
"2020-02-11",1
"2020-02-12",1
"2020-02-13",2
"2020-02-27",1
"2020-03-01",1
"2020-03-05",1
"2020-03-09",1
"2020-03-15",1
"2020-03-16",1
"2020-03-17",1
"2020-03-18",1
"2020-03-25",1
"2020-04-01",1
"2020-04-22",1
"2020-05-04",1
"2020-05-20",4
"2020-06-07",1
"2020-06-27",1
"2020-06-29",1
"2020-07-16",2
"2020-07-27",1
"2020-11-06",1
"2020-12-10",1
"2021-05-03",1
"2021-09-25",1
"2022-07-06",2
"2022-07-09",1
"2022-08-06",1
"2022-08-07",1
"2022-08-10",1
"2022-08-13",1
"2022-08-15",1
"2022-08-18",1
"2022-08-28",2
"2022-08-29",1
"2022-08-31",1
"2022-09-07",1
"2022-10-04",2
"2022-10-17",1
"2022-10-22",1
"2022-10-27",1
"2022-10-28",1
"2022-10-30",1
"2022-11-01",2
"2022-11-02",3
"2022-11-04",3
"2022-11-08",3
"2022-11-15",2
"2022-11-16",1
"2022-11-17",4
"2022-11-18",2
"2022-11-19",1
"2022-11-21",3
"2022-11-22",3
"2022-11-23",3
"2022-11-24",6
"2022-11-25",65
"2022-11-26",396
"2022-11-27",115
"2022-11-28",29
"2022-11-29",24
"2022-11-30",15
"2022-12-01",3
"2022-12-02",3
"2022-12-03",5
"2022-12-04",3
"2022-12-05",4
"2022-12-06",2
"2022-12-08",2
"2022-12-11",3
"2022-12-15",1
"2022-12-16",1
"2022-12-17",1
"2022-12-18",5
"2022-12-19",1
"2022-12-20",3
"2022-12-21",1
"2022-12-25",2
"2022-12-28",2
"2023-01-01",1
"2023-01-05",1
"2023-01-08",3
"2023-03-03",1
"2023-03-04",4
"2023-03-15",1
"2023-04-05",2
"2023-04-08",1
"2023-04-12",1
"2023-04-19",1
"2023-04-24",1
"2023-04-25",1
"2023-04-26",1
"2023-05-05",2
"2023-05-08",2
"2023-05-09",1
"2023-05-12",2
"2023-05-17",2
"2023-05-20",2
"2023-05-21",1
"2023-05-24",1
"2023-05-26",1
"2023-06-14",2
"2023-06-28",1
"2023-07-02",1
"2023-07-05",3
"2023-07-09",1
"2023-07-11",3
"2023-07-13",1
"2023-07-14",1
"2023-07-17",1
"2023-07-20",2
"2023-08-03",2
"2023-08-07",1
"2023-08-10",2
"2023-08-14",2
"2023-08-15",4
"2023-08-17",2
"2023-08-19",2
"2023-08-20",2
"2023-08-21",2
"2023-08-22",1
"2023-08-24",1
"2023-08-25",2
"2023-08-26",1
"2023-08-27",1
"2023-08-28",8
"2023-08-29",1
"2023-08-30",1
"2023-08-31",2
"2023-09-02",1
"2023-09-03",1
"2023-09-04",1
"2023-09-05",1
"2023-09-06",1
"2023-09-07",1
"2023-09-08",1
"2023-09-13",2
"2023-09-14",5
"2023-09-15",3
"2023-09-17",1
"2023-09-18",1
"2023-09-20",1
"2023-09-21",3
"2023-09-27",1
"2023-09-28",1
"2023-09-29",2
"2023-10-01",2
"2023-10-03",1
"2023-10-04",1
"2023-10-05",2
"2023-10-06",4
"2023-10-07",2
"2023-10-10",1
"2023-10-12",2
"2023-10-13",1
"2023-10-14",1
"2023-10-15",1
"2023-10-19",1
"2023-10-22",1
"2023-10-23",2
"2023-10-24",2
"2023-10-25",3
"2023-10-26",2
"2023-10-27",1
"2023-10-30",1
"2023-11-02",2
"2023-11-03",2
"2023-11-05",2
"2023-11-06",1
"2023-11-07",1
"2023-11-09",1
"2023-11-10",1
"2023-11-11",1
"2023-11-12",1
"2023-11-13",4
"2023-11-14",3
"2023-11-15",8
"2023-11-16",6
"2023-11-17",2
"2023-11-18",4
"2023-11-19",16
"2023-11-20",13
"2023-11-21",6
"2023-11-22",2
"2023-11-23",13
"2023-11-24",18
"2023-11-25",7
"2023-11-26",3
"2023-11-27",2
"2023-11-28",4
"2023-11-29",2
"2023-11-30",4
"2023-12-01",1
"2023-12-02",2
"2023-12-03",3
"2023-12-04",5
"2023-12-05",5
"2023-12-06",1
"2023-12-07",2
"2023-12-08",3
"2023-12-09",3
"2023-12-10",2
"2023-12-11",4
"2023-12-12",1
"2023-12-13",5
"2023-12-14",10
"2023-12-15",9
"2023-12-16",7
"2023-12-17",2
"2023-12-18",5
"2023-12-19",2
"2023-12-20",4
"2023-12-21",5
"2023-12-22",3
"2023-12-23",2
"2023-12-24",1
"2023-12-25",6
"2023-12-26",9
"2023-12-27",7
"2023-12-28",13
"2023-12-29",5
"2023-12-30",11
"2023-12-31",3
"2024-01-01",5
"2024-01-02",11
"2024-01-03",16
"2024-01-04",28
"2024-01-05",36
"2024-01-06",13
"2024-01-07",35
"2024-01-08",53
"2024-01-09",69
"2024-01-10",100
